,Brand,Model Name,Display Size,Operating System,Call Function,Bluetooth,Wi_Fi,GPS,Display_Type,Display_Resolution,Touchscreen,Water_Resistance,Battery_Life,Price
0,beatXP Marv Neo,Marv Neo 1.85'',46.0,Android & iOS,Yes,Yes,No,No,Other,260.0,Yes,,7.0,1299
1,"Boult Craft 1.83""","Craft 1.83"" HD",46.48,Android & iOS,Yes,Yes,No,No,IPS TFt,262.0,Yes,1.5,7.0,1099
2,beatXP Vega X,"Vega X 1.43""",36.32,Android & iOS,Yes,Yes,No,No,Super AMOLED,466.0,Yes,1.5,7.0,1999
3,beatXP Sigma 1.38'',Sigma 1.38'' HD,35.05,Android & iOS,Yes,Yes,No,No,Other,,Yes,,7.0,1199
4,KARBONN KX30  ,KX30,61.0,,No,No,No,No,IPS TFt,,No,,,1299
5,Fire-Boltt Cyclone 1.6'',Cyclone 1.6'' Round,40.64,Android & iOS,Yes,Yes,No,Yes,IPS TFt,400.0,Yes,1.0,9.0,2999
6,Melbon I8 Pro,I8 Pro Watch,40.0,Android & iOS,Yes,Yes,No,No,AMOLED,,Yes,0.5,3.0,699
7,beatXP Evoke Neo,Evoke Neo 1.43'',36.32,Android & iOS,Yes,Yes,No,No,Other,466.0,Yes,,7.0,1799
8,Boult Crown 1.95'',"Crown 1.95'' Screen,",49.53,Android & iOS,Yes,Yes,No,No,IPS TFt,261.0,Yes,,5.0,1499
9,Boult Crown 1.95'',"Crown 1.95'' Screen,",49.53,Android & iOS,Yes,Yes,No,No,IPS TFt,261.0,Yes,,5.0,1299
11,Zenx GEN 900,GEN 900 5G,49.0,Android & iOS,Yes,Yes,No,Yes,HD,352.0,Yes,15.0,3.0,656
12,Fire-Boltt Ninja Pro,Ninja Pro Max,46.482,Android & iOS,No,Yes,No,No,HD,262.0,Yes,0.001,8.0,1099
13,Noise Mettle 1.4'',"Mettle 1.4'' display,",35.56,Android & iOS,Yes,Yes,No,No,Other,240.0,Yes,,7.0,2199
14,Noise Colorfit Icon,Colorfit Icon 2,45.72,Android & iOS,Yes,Yes,No,No,Other,263.0,Yes,,7.0,1499
15,Noise Thrill with,"Thrill with 2""",50.8,Android & iOS,Yes,Yes,No,No,Other,268.0,Yes,1.5,15.0,2199
16,Fire-Boltt Dream WristPhone,Dream WristPhone -,51.308,Android & iOS,Yes,Yes,No,No,IPS,353.0,Yes,1.0,0.16666666666666666,7299
17,POCO M6 5G,M6 5G,171.20000000000002,,No,No,Yes,No,HD,,Yes,,,11499
18,Fire-Boltt Dream WristPhone,Dream WristPhone -,51.308,Android & iOS,Yes,Yes,No,No,IPS,353.0,Yes,1.0,0.16666666666666666,6999
19,Fire-Boltt Dream WristPhone,Dream WristPhone -,51.308,Android & iOS,Yes,Yes,No,No,IPS,353.0,Yes,1.0,0.16666666666666666,6999
20,HLMT Latest Kids,Latest Kids watch,34.0,Android,No,No,No,No,TFT LED,,No,50.0,0.25,257
21,boAt Storm Pro,Storm Pro Call,45.211999999999996,Android & iOS,Yes,Yes,No,No,AMOLED,408.0,Yes,,7.0,1699
22,Boult Crown 1.95'',"Crown 1.95'' Screen,",49.53,Android & iOS,Yes,Yes,No,No,IPS TFt,261.0,Yes,,5.0,1299
23,Fire-Boltt Dream WristPhone,Dream WristPhone -,51.308,Android & iOS,Yes,Yes,No,No,IPS,353.0,Yes,1.0,0.16666666666666666,7499
24,Fire-Boltt Dream WristPhone,Dream WristPhone -,51.308,Android & iOS,Yes,Yes,No,No,IPS,353.0,Yes,1.0,0.16666666666666666,7499
25,POCO C51 -,C51,165.6,,No,No,Yes,No,HD,,Yes,,,5499
26,AMAZFIT T rex,T rex Pro,33.019999999999996,Android & iOS,No,Yes,No,Yes,AMOLED,360.0,Yes,100.0,18.0,11999
27,vivo T2 Pro,T2 Pro 5G,172.2,,No,No,Yes,No,AMOLED,,Yes,,,24999
28,DIZO Watch 2,Watch 2 sports,42.925999999999995,Android & iOS,No,Yes,No,No,IPS TFt,260.0,Yes,50.0,10.0,1499
31,Boult CrownR Pro,CrownR Pro 1.43''HD,36.32,Android & iOS,Yes,Yes,No,No,AMOLED,466.0,Yes,1.0,5.0,2199
35,SAMSUNG Galaxy F14,Galaxy F14 5G,167.60000000000002,,No,No,Yes,No,IPS LCD,,Yes,,,11990
36,boAt Wave Neo,Wave Neo Plus,49.784,Android & iOS,Yes,Yes,No,No,Other,261.0,Yes,,7.0,1599
37,Boult Drift BT,Drift BT Calling,42.925999999999995,Android & iOS,Yes,Yes,No,No,IPS TFt,260.0,Yes,1.5,7.0,1099
39,Plextone Watch Ultra,Watch Ultra Bluetooth,50.0,Android & iOS,Yes,Yes,No,No,Other,,Yes,,7.0,1149
40,Apple Watch Series,"Watch Series 8,",41.0,iOS,Yes,Yes,Yes,Yes,OLED Retina,391.0,Yes,50.0,0.75,34999
41,Noise Evolve 4,Evolve 4 1.46,37.084,Android & iOS,Yes,Yes,No,No,Other,466.0,Yes,,7.0,2999
43,Boult Cosmic R,"Cosmic R 1.3""HD,",33.02,Android & iOS,No,Yes,No,No,IPS TFt,240.0,Yes,1.5,10.0,1199
46,Apple iPhone 15,iPhone 15 Plus,170.2,,No,No,Yes,No,TFT LED,,Yes,,,112990
47,MOTOROLA e13   ,e13,165.10000000000002,,No,No,Yes,No,IPS LCD,,Yes,,,5999
48,boAt Wave Genesis,Wave Genesis Pro,49.7,Android & iOS,Yes,Yes,No,No,AMOLED,456.0,Yes,,7.0,2899
49,GIONEE STYLFYT- AI,STYLFYT- AI Bluetooth,43.18,Android & iOS,Yes,Yes,No,No,IPS TFt,260.0,Yes,500.0,3.0,2213
50,Tarang Enterprises T800,T800 Android Smart,,Android & iOS,Yes,Yes,No,No,AMOLED,320.0,Yes,,3.0,698
51,TIGFANTER Ultra T800,Ultra T800 Series,49.0,Android & iOS,Yes,Yes,No,No,HD,1080.0,Yes,10.0,1.5,679
52,Fire-Boltt Ninja Talk,Ninja Talk 1.39'',35.306,Android & iOS,Yes,Yes,No,No,IPS TFt,240.0,Yes,1.0,6.0,2499
53,"Fire-Boltt Blizzard 1.28""","Blizzard 1.28"" Luxury",32.512,Android & iOS,Yes,Yes,No,No,IPS TFt,240.0,Yes,1.0,7.0,2999
54,beatXP Sigma 1.38'',Sigma 1.38'' HD,35.05,Android & iOS,Yes,Yes,No,No,Other,,Yes,,7.0,1499
55,Pebble Cosmos Ultra,"Cosmos Ultra 1.91""",48.513999999999996,Android & iOS,Yes,Yes,No,No,IPS LCD,263.0,Yes,1.0,7.0,1799
56,Ambrane Wise Glaze,Wise Glaze with,45.212,Android & iOS,Yes,Yes,No,No,Other,408.0,Yes,,7.0,1799
57,"Pebble Carbon 1.39""HD","Carbon 1.39""HD Display,Black",35.3,Android & iOS,Yes,Yes,No,No,HD,,Yes,1000.0,7.0,1299
58,NIKHILX Original T800,Original T800 Ultra,49.0,Android & iOS,Yes,Yes,No,Yes,HD,456.0,Yes,2.0,4.0,598
59,Nokia 105 CLASSIC  ,105 CLASSIC,45.0,,No,No,No,No,Other,,No,,,1105
60,Fire-Boltt Dream WristPhone,Dream WristPhone -,51.308,Android & iOS,Yes,Yes,No,No,IPS,353.0,Yes,1.0,0.16666666666666666,6999
61,Melbon S9 Ultra,S9 Ultra gold,50.0,Android & iOS,Yes,Yes,No,No,AMOLED,,Yes,0.354,7.0,1699
62,boAt Lunar Prime,Lunar Prime w/,35.3,Android & iOS,Yes,Yes,No,No,Other,466.0,Yes,,10.0,2899
63,"Fire-Boltt Cyclone Pro,","Cyclone Pro, 1.43�",36.321999999999996,Android & iOS,Yes,Yes,No,No,AMOLED,466.0,Yes,1.0,9.0,1999
64,Noise Thrill with,"Thrill with 2""",50.8,Android & iOS,Yes,Yes,No,No,Other,268.0,Yes,1.5,15.0,2199
65,POCO M6 5G,M6 5G,171.20000000000002,,No,No,Yes,No,HD,,Yes,,,11499
66,"Fire-Boltt Cobra 1.78""","Cobra 1.78"" AMOLED",45.211999999999996,Android & iOS,Yes,Yes,No,No,AMOLED,408.0,Yes,1.0,5.0,2799
67,Fire-Boltt Apollo 2,Apollo 2 Super,36.321999999999996,Android & iOS,Yes,Yes,No,No,AMOLED,466.0,Yes,1.0,0.2916666666666667,2499
70,HAKEX ID116 Smart,ID116 Smart Fitness,42.0,Android,No,Yes,No,No,Other,100.0,Yes,,1.0,499
73,"Fire-Boltt Combat 1.95""","Combat 1.95"" Large",49.529999999999994,Android & iOS,Yes,Yes,No,No,IPS TFt,261.0,Yes,1.0,7.0,2199
74,Shop New A1,A1 Smart Watch,40.0,Android & iOS,Yes,Yes,No,No,Other,240.0,Yes,,5.0,1499
77,Ambrane Wise Eon,Wise Eon Max,51.054,Android & iOS,Yes,Yes,No,No,Other,261.0,Yes,,10.0,1499
78,SAMSUNG Galaxy Watch6,Galaxy Watch6 Classic,37.337999999999994,Android,Yes,Yes,Yes,Yes,Super AMOLED,480.0,Yes,50.0,1.6666666666666667,39999
80,Fire-Boltt Ninja Calling,Ninja Calling Pro,46.482,Android & iOS,Yes,Yes,No,No,IPS LCD,263.0,Yes,1.0,5.0,1099
82,Gedlly Android smart,Android smart mobile,40.0,Android & iOS,Yes,Yes,No,No,Other,,Yes,,0.25,649
84,Fire-Boltt Apollo 2,Apollo 2 Super,36.321999999999996,Android & iOS,Yes,Yes,No,No,AMOLED,466.0,Yes,1.0,0.2916666666666667,2499
85,Fire-Boltt Dream WristPhone,Dream WristPhone -,51.308,Android & iOS,Yes,Yes,No,No,IPS,353.0,Yes,1.0,0.16666666666666666,6999
86,"Boult Striker+ 1.39""","Striker+ 1.39"" HD,",35.306,Android & iOS,Yes,Yes,No,No,HD,240.0,Yes,1.0,7.0,1299
87,Bymaya A720 ADVANCE,A720(ID116) ADVANCE MULTI,34.0,Android & iOS,No,Yes,No,No,IPS TFt,240.0,Yes,50.0,5.0,499
89,lock deal ID116,ID116 SMART &,44.0,Android & iOS,No,Yes,No,No,TFT LED,320.0,Yes,2.0,336.0,499
90,zdea Android Smart,Android Smart Watch,,Android & iOS,Yes,Yes,No,Yes,AMOLED,320.0,Yes,,3.0,689
91,IMMUTABLE RT-Smart Watch,RT-Smart Watch ID116,1.54,Android & iOS,Yes,Yes,No,No,Other,240.0,Yes,10.0,8.0,474
92,Dicto New T800,New T800 Ultra,51.0,Android & iOS,Yes,Yes,No,Yes,HD,360.0,Yes,1.0,5.0,799
93,alt OG Max,OG Max with,45.72,Android & iOS,Yes,Yes,No,No,Other,263.0,Yes,,7.0,1199
94,CHIWAY D20 Pro,D20 Pro Touchscreen,42.0,Android & iOS,Yes,Yes,No,No,TFT LED,480.0,Yes,,1.0,405
96,boAt Storm Plus,Storm Plus with,45.211999999999996,Android & iOS,Yes,Yes,No,No,Other,408.0,Yes,,7.0,1999
97,Fire-Boltt Dream WristPhone,Dream WristPhone -,51.308,Android & iOS,Yes,Yes,No,No,IPS,353.0,Yes,1.0,0.16666666666666666,6999
98,Fire-Boltt King Luxury,King Luxury Stainless,45.211999999999996,Android & iOS,Yes,Yes,No,No,AMOLED,408.0,Yes,1.0,7.0,2999
99,Fastrack Revoltt FS1+|2.01'',Revoltt FS1+|2.01'' Biggest,51.053999999999995,Android & iOS,Yes,Yes,No,No,IPS LCD,263.0,Yes,1.5,5.0,1799
100,Pebble Cosmos Grande,Cosmos Grande 2.1,53.34,Android & iOS,Yes,Yes,No,No,HD,513.0,Yes,5.0,0.20833333333333334,2999
101,Fastrack Revoltt FS1|1.83,Revoltt FS1|1.83 Display|BT,46.48,Android & iOS,Yes,Yes,No,No,IPS LCD,262.0,Yes,1.5,5.0,1599
102,REDMI 12   ,12,172.5,,No,No,Yes,No,HD,,Yes,,,10499
103,Fire-Boltt Dream WristPhone,Dream WristPhone -,51.308,Android & iOS,Yes,Yes,No,No,IPS,353.0,Yes,1.0,0.16666666666666666,6999
104,"Fire-Boltt Blizzard 1.28""","Blizzard 1.28"" Luxury",32.512,Android & iOS,Yes,Yes,No,No,IPS TFt,240.0,Yes,1.0,7.0,3799
105,Noise Icon Buzz,"Icon Buzz 1.69""",42.925999999999995,Android & iOS,Yes,Yes,No,No,IPS LCD,260.0,Yes,1.0,7.0,1299
106,Boult Sterling Pro,Sterling Pro BT,36.32,Android & iOS,Yes,Yes,No,No,AMOLED,466.0,Yes,1.0,7.0,2199
107,REDMI A2   ,A2,165.6,,No,No,Yes,No,HD,,Yes,,,6940
108,Fire-Boltt Dream WristPhone,Dream WristPhone -,51.308,Android & iOS,Yes,Yes,No,No,IPS,353.0,Yes,1.0,0.16666666666666666,7499
109,Fire-Boltt Apollo 3,Apollo 3 Luxury,36.321999999999996,Android & iOS,Yes,Yes,No,No,AMOLED,466.0,Yes,1.0,7.0,2199
110,VINJURI Ultra T800,Ultra T800 Series,49.0,Android & iOS,Yes,Yes,No,No,AMOLED,1080.0,Yes,10.0,4.0,598
111,vivo Y33s   ,Y33s,167.10000000000002,,No,No,Yes,No,IPS LCD,,Yes,,,13985
112,Sekyo S2 SIM,S2 SIM Calling,36.0,Android & iOS,Yes,No,No,Yes,TFT LED,256.0,Yes,0.0,3.0,2320
113,TECHMAZE New T800,New T800 ULTRA,,Android & iOS,Yes,Yes,No,Yes,AMOLED,320.0,Yes,,3.0,781
114,Trackmate AV-1 BT,AV-1 BT Smart,35.0,Android,Yes,Yes,No,No,IPS TFt,240.0,Yes,120.0,0.08333333333333333,630
115,Fire-Boltt Max 1.78,Max 1.78 inch,45.211999999999996,Android & iOS,No,Yes,No,No,AMOLED,408.0,Yes,30.0,10.0,1999
116,Fire-Boltt Royale Luxury,Royale Luxury Stainless,36.32,Android & iOS,Yes,Yes,No,No,AMOLED,466.0,Yes,1.0,5.0,4899
117,StyCon T900 Ultra,"T900 Ultra ,Series",50.0,Android & iOS,Yes,Yes,Yes,No,Other,,Yes,,3.0,729
118,boAt Wave Fury,Wave Fury with,46.482,Android & iOS,Yes,Yes,No,No,Other,,Yes,,7.0,1499
119,StyCon Pack of,Pack of T800,50.0,Android & iOS,Yes,Yes,Yes,No,Other,,Yes,,3.0,619
120,AMAZFIT GTR 2,GTR 2 (New,35.306,Android & iOS,Yes,Yes,No,Yes,AMOLED,454.0,Yes,50.0,14.0,7999
121,StyCon T800 Ultra,"T800 Ultra ,Series",50.0,Android & iOS,Yes,Yes,Yes,No,Other,,Yes,,3.0,699
123,Y2H Enterprises D300,D300(D20) PLUS MULTI,4.0,Android & iOS,Yes,Yes,No,No,IPS TFt,240.0,Yes,50.0,5.0,499
125,Fire-Boltt Hulk 1.78,Hulk 1.78 inch,45.211999999999996,Android & iOS,Yes,Yes,No,No,AMOLED,408.0,Yes,1.0,7.0,2799
127,TECHOFFICIAL ID116 Touch,ID116 Touch Screen,1.33,Android & iOS,No,Yes,No,No,Other,140.0,Yes,,1.0,349
128,"Ambrane Marble 1.43""","Marble 1.43"" AMOLED",36.322,Android & iOS,Yes,Yes,No,No,Other,466.0,Yes,,7.0,1799
131,Noise Fuse 1.38'',Fuse 1.38'' Round,35.052,Android & iOS,Yes,Yes,No,No,Other,240.0,Yes,,7.0,1399
132,Apple Watch Series,Watch Series 9,45.0,iOS,Yes,Yes,Yes,Yes,OLED Retina,440.0,Yes,50.0,0.75,54900
133,Fire-Boltt Supernova 1.78,Supernova 1.78 AMOLED,45.211999999999996,Android & iOS,Yes,Yes,No,No,AMOLED,408.0,Yes,1.0,5.0,2799
135,StyCon T800 ultra,"T800 ultra smartwatch,",50.0,Android & iOS,Yes,Yes,Yes,No,Other,,Yes,,3.0,653
136,Fire-Boltt Jewel Luxury,Jewel Luxury Stainless,46.99,Android & iOS,Yes,Yes,No,No,IPS LCD,353.0,Yes,1.0,7.0,2999
137,Boult Drift BT,Drift BT Calling,42.925999999999995,Android & iOS,Yes,Yes,No,No,IPS TFt,260.0,Yes,1.5,7.0,1099
138,Itech DZ09 Original,DZ09 Original 4G,39.0,Android & iOS,Yes,Yes,No,Yes,HD,,Yes,10.0,3.0,1089
139,Apple Watch Series,Watch Series 9,45.0,iOS,Yes,Yes,Yes,Yes,OLED Retina,440.0,Yes,50.0,0.75,44900
141,beatXP Marv Neo,Marv Neo 1.85'',46.0,Android & iOS,Yes,Yes,No,No,Other,260.0,Yes,,7.0,1299
142,"beatXP Marv 1.85""","Marv 1.85"" HD",47.0,Android & iOS,Yes,Yes,No,No,IPS TFt,260.0,Yes,1.5,10.0,1199
144,AYANSHENTRPRISE ID 116,ID 116,140.0,Android,Yes,Yes,No,No,Other,240.0,Yes,,4.0,371
145,Bymaya S360 D20_ADVANCEHEART,S360 D20_ADVANCEHEART RATE,34.0,Android & iOS,No,Yes,No,No,IPS TFt,240.0,Yes,50.0,5.0,399
147,"Fire-Boltt Combat 1.95""","Combat 1.95"" Large",49.529999999999994,Android & iOS,Yes,Yes,No,No,IPS TFt,261.0,Yes,1.0,7.0,2199
148,Boult Cosmic 1.69,Cosmic 1.69 inch,42.925999999999995,Android & iOS,No,Yes,No,No,IPS TFt,260.0,Yes,1.0,10.0,1199
149,boAt Lunar Prime,Lunar Prime w/,35.3,Android & iOS,Yes,Yes,No,No,Other,466.0,Yes,,10.0,2499
150,nkk IDS116 SMART,IDS116 SMART BRACELET,44.0,Android & iOS,No,Yes,No,No,Other,400.0,Yes,,24.0,431
154,SAMSTAR COLLECTION smartwatch,smartwatch T55 Series,45.0,Android & iOS,Yes,Yes,No,Yes,TFT LED,350.0,Yes,0.25,10.0,1569
155,Fire-Boltt Ninja Talk,Ninja Talk 1.39'',35.306,Android & iOS,Yes,Yes,No,No,IPS TFt,240.0,Yes,1.0,6.0,2499
159,VINJURI T800 Smart,T800 Smart Watch,49.0,Android & iOS,Yes,Yes,No,No,IPS LCD,1080.0,Yes,10.0,4.0,629
161,Batrix SmartWatch Touchscreen,SmartWatch Touchscreen TF,1.54,Android & iOS,Yes,Yes,No,No,Other,,Yes,,1.0,781
162,Apple Watch Series,Watch Series 9,45.0,iOS,Yes,Yes,Yes,Yes,OLED Retina,440.0,Yes,50.0,0.75,54900
164,Fastrack Revoltt FS1,Revoltt FS1 Pro|World's,49.78,Android & iOS,Yes,Yes,No,No,Super AMOLED,456.0,Yes,1.5,7.0,2499
165,boAt Wave Connect,Wave Connect with,42.672,Android & iOS,Yes,Yes,No,No,Other,260.0,Yes,,7.0,1499
166,Zenx Ultra 8,Ultra 8 Smartwatch,49.0,Android & iOS,Yes,Yes,No,No,HD,352.0,Yes,10.0,2.0,656
167,CHG T10 Ultra,T10 Ultra 2.09,45.0,Android & iOS,Yes,Yes,No,No,Other,320.0,Yes,,1.0,759
168,Limonz T800 BT,T800 BT Calling,49.0,Android & iOS,Yes,Yes,Yes,Yes,HD,240.0,Yes,40.0,2.0,656
169,vivo Y17s   ,Y17s,166.6,,No,No,Yes,No,IPS LCD,,Yes,,,11499
170,Noise Thrill with,"Thrill with 2""",50.8,Android & iOS,Yes,Yes,No,No,Other,268.0,Yes,1.5,15.0,2199
171,TECHMAZE D900 5G,D900 5G SUPPORT,,Android & iOS,Yes,Yes,No,No,AMOLED,320.0,Yes,,3.0,749
172,MOTOROLA Edge 40,Edge 40 Neo,166.4,,No,No,Yes,No,TFT LED,,Yes,,,24999
174,fire turtle T800,T800 Ultra 8,49.0,Android & iOS,Yes,Yes,Yes,No,TFT LED,1080.0,Yes,10.0,24.0,989
177,FITRIC New Version,New Version Ultra,49.0,Android & iOS,Yes,Yes,No,No,IPS LCD,320.0,Yes,3.0,3.0,619
179,Noise Fuse Plus,"Fuse Plus 1.43""",36.322,Android & iOS,Yes,Yes,No,No,Other,466.0,Yes,,7.0,1999
180,beatXP Marv Sense,Marv Sense 1.96'',49.78,Android & iOS,Yes,Yes,No,No,Other,353.0,Yes,,7.0,999
182,Boult Drift+ Bluetooth,"Drift+ Bluetooth Calling,",46.99,Android & iOS,Yes,Yes,No,No,IPS TFt,260.0,Yes,1.5,7.0,1099
183,gotten T800 hiwatch,T800 hiwatch pro,49.0,Android & iOS,Yes,Yes,No,No,IPS LCD,1024.0,Yes,10.0,0.75,644
184,Micromax X513+  ,X513+,45.0,,No,No,No,No,Other,,No,,,1078
185,"Melbon Active2 1.43""","Active2 1.43"" AMOLED",33.0,Android & iOS,Yes,Yes,Yes,Yes,AMOLED,,Yes,67.0,3.0,1899
187,Noise Icon 3,"Icon 3 1.91""",48.513999999999996,Android & iOS,Yes,Yes,No,No,Other,268.0,Yes,,7.0,1499
188,itel it5027 6.1cm,"it5027 6.1cm Screen,1200mAh",61.0,,No,No,No,No,Other,,No,,,1169
190,boAt Ultima Prism,Ultima Prism with,49.784,Android & iOS,Yes,Yes,No,No,Other,456.0,Yes,,7.0,2999
191,boAt Storm Pro,Storm Pro with,44.958,Android & iOS,No,Yes,No,No,Other,408.0,Yes,,7.0,1399
193,POCO C65   ,C65,171.20000000000002,,No,No,Yes,No,HD,,Yes,,,7499
196,VINJURI Ultra T800,Ultra T800 Series,49.0,Android & iOS,Yes,Yes,No,No,AMOLED,1024.0,Yes,10.0,4.0,598
199,Ambrane Wise Eon,Wise Eon Max,51.054,Android & iOS,Yes,Yes,No,No,Other,261.0,Yes,,10.0,1499
202,Noise Pro 5,Pro 5 1.85,46.99,Android & iOS,Yes,Yes,No,No,AMOLED,420.0,Yes,1.5,7.0,4499
204,TECHMAZE D70 SIM,D70 SIM CALL,,Android & iOS,Yes,Yes,No,No,AMOLED,320.0,Yes,,3.0,721
209,HLMT HLMT Latest,HLMT Latest Kids,34.0,Android,No,No,No,No,Other,,No,,6.0,269
210,sk ultra pro,pro 24k gold,49.0,Android & iOS,Yes,Yes,Yes,Yes,AMOLED,354.0,Yes,100.0,10.0,2599
213,"Fire-Boltt Blizzard 1.28""","Blizzard 1.28"" Luxury",32.512,Android & iOS,Yes,Yes,No,No,IPS TFt,240.0,Yes,1.0,7.0,3799
214,boAt Lunar Connect,Lunar Connect Ace,36.321999999999996,Android & iOS,Yes,Yes,No,No,AMOLED,466.0,Yes,,7.0,2499
215,Boult CrownR Bluetooth,"CrownR Bluetooth Calling,",38.608,Android & iOS,Yes,Yes,No,No,IPS TFt,360.0,Yes,1.0,7.0,1999
220,Noise Icon Buzz,"Icon Buzz 1.69""",42.925999999999995,Android & iOS,Yes,Yes,No,No,IPS LCD,260.0,Yes,1.0,7.0,1299
221,Apple Watch Series,Watch Series 9,45.0,iOS,Yes,Yes,Yes,Yes,OLED Retina,440.0,Yes,50.0,0.75,54900
223,vivo T2 Pro,T2 Pro 5G,172.2,,No,No,Yes,No,AMOLED,,Yes,,,23999
225,HOTLINE CLASSIC  ,CLASSIC,45.0,,No,No,No,No,Other,,No,,,575
227,Pebble Cosmos Quest,"Cosmos Quest 1.43""AMOLED",36.32,Android & iOS,Yes,Yes,No,No,AMOLED,,Yes,1.0,7.0,2799
229,TECHMAZE First T800,First T800 Ultra,49.0,Android & iOS,Yes,Yes,No,Yes,AMOLED,320.0,Yes,,3.0,769
230,alt T800 Smartwatch  ,T800,49.0,Android & iOS,Yes,Yes,No,Yes,HD,,Yes,,5.0,699
232,Tarang Enterprises UltraT800,UltraT800 Series 8,,Android & iOS,Yes,Yes,No,No,AMOLED,320.0,Yes,,3.0,684
233,Lifelong Vibez Muse,Vibez Muse with,48.54,Android & iOS,Yes,Yes,No,No,Other,268.0,Yes,,7.0,1499
236,Apple Watch Series,Watch Series 9,45.0,iOS,Yes,Yes,Yes,Yes,OLED Retina,440.0,Yes,50.0,0.75,44900
238,Noise Loop 1.85'',Loop 1.85'' Display,46.99,Android & iOS,Yes,Yes,No,No,IPS TFt,262.0,Yes,1.5,7.0,1399
241,Seashot DZ9 Camera,DZ9 Camera Smart,44.0,Android,Yes,Yes,No,No,HD,,Yes,,3.0,756
243,BOOMFIRE T800 Ultra,T800 Ultra Full,,Android & iOS,Yes,Yes,No,No,AMOLED,320.0,Yes,,3.0,780
245,"beatXP Marv 1.85""","Marv 1.85"" HD",47.0,Android & iOS,Yes,Yes,No,No,IPS TFt,260.0,Yes,1.5,10.0,1199
250,YAROH NMM_496A_T800 ULTRA,NMM_496A_T800 ULTRA 8,1.33,Android & iOS,Yes,Yes,No,No,Other,312.0,Yes,,24.0,699
251,I Kall K-575,K-575,127.0,,No,No,Yes,No,Other,,Yes,,,4999
254,boAt Storm Call,Storm Call 2,46.4,Android & iOS,Yes,Yes,No,No,Other,262.0,Yes,,7.0,1529
256,CrossBeats Ignite Hustl,"Ignite Hustl 2.01""",51.0,Android & iOS,Yes,Yes,No,No,HD,261.0,Yes,10.0,168.0,1999
257,Time Up Ultra,Ultra Design Digital,35.0,Proprietary OS,No,No,No,No,TFT LED,270.0,No,30.0,1.0,349
259,"Boult Mirage 1.39""","Mirage 1.39"" Screen,",35.31,Android & iOS,Yes,Yes,No,No,IPS TFt,360.0,Yes,1.0,7.0,1799
260,boAt Lunar Connect,Lunar Connect Ace,36.321999999999996,Android & iOS,Yes,Yes,No,No,AMOLED,466.0,Yes,,7.0,2499
261,"Melbon 1.75"" Display","1.75"" Display with",44.0,Android & iOS,Yes,Yes,Yes,Yes,AMOLED,,Yes,100.0,3.0,799
263,DIZO Watch D,Watch D 1.8,45.72,Android & iOS,No,Yes,No,No,IPS TFt,263.0,Yes,50.0,14.0,1999
264,vivo T2 Pro,T2 Pro 5G,172.2,,No,No,Yes,No,AMOLED,,Yes,,,24999
266,boAt Wave Flex,Wave Flex Connect,46.482,Android & iOS,Yes,Yes,No,No,Other,260.0,Yes,,7.0,1499
269,"Pebble Dare 2.01""HD","Dare 2.01""HD Display,Rugged",51.053999999999995,Android & iOS,Yes,Yes,No,No,HD,268.0,Yes,1000.0,7.0,1599
270,MBS Gen 9,Gen 9 smart,49.0,Android & iOS,Yes,Yes,Yes,Yes,AMOLED,720.0,Yes,,2.0,2200
271,vivo Y36   ,Y36,168.70000000000002,,No,No,No,No,IPS LCD,,Yes,,,14999
273,boAt Wave Select,Wave Select with,41.91,Android & iOS,No,Yes,No,No,Other,260.0,Yes,,10.0,1299
274,Gamesir T800 Bluetooth,T800 Bluetooth Calling,49.0,Android & iOS,Yes,Yes,No,No,AMOLED,,Yes,0.5,3.0,800
275,boAt Lunar Prime,Lunar Prime w/,35.3,Android & iOS,Yes,Yes,No,No,Other,466.0,Yes,,10.0,2499
276,AMAZFIT GTS 3,"GTS 3 1,75",44.45,Android & iOS,No,Yes,No,Yes,AMOLED,420.0,Yes,0.05,12.0,9999
277,Noise Loop 1.85'',Loop 1.85'' Display,46.99,Android & iOS,Yes,Yes,No,No,IPS TFt,262.0,Yes,1.5,7.0,1399
278,boAt Storm Call,Storm Call 2,46.4,Android & iOS,Yes,Yes,No,No,Other,262.0,Yes,,7.0,1599
280,Kechaoda K115  ,K115,36.6,,No,No,No,No,Other,,No,,,1090
281,Google Pixel 8,Pixel 8 Pro,170.2,,No,No,Yes,No,TFT LED,,Yes,,,113999
282,beatXP Evoke Neo,Evoke Neo 1.43'',36.32,Android & iOS,Yes,Yes,No,No,Other,466.0,Yes,,7.0,1999
283,"Pebble Celia 1.32""","Celia 1.32"" HD",33.52,Android & iOS,Yes,Yes,No,No,IPS TFt,,Yes,0.0,7.0,2499
284,SAMSUNG Galaxy F13,Galaxy F13,167.60000000000002,,No,No,Yes,No,HD,,Yes,,,9999
285,"itel it2163s 4.5cm,1200mAh,BT","it2163s 4.5cm,1200mAh,BT Caller,12+1",45.7,,No,No,No,No,Other,,No,,,948
286,Qexle NEW S8,NEW S8 Ultra,49.0,Android & iOS,Yes,Yes,Yes,No,AMOLED,1080.0,Yes,10.0,7.0,6649
287,SAMSUNG Galaxy A34,Galaxy A34 5G,167.60000000000002,,No,No,Yes,No,Super AMOLED,,Yes,,,27499
293,KEP ID116 SMARTWATCH,ID116 SMARTWATCH,44.0,Android & iOS,Yes,Yes,No,No,Other,400.0,Yes,,36.0,480
295,SAMSUNG Galaxy S20,Galaxy S20 FE,165.10000000000002,,No,No,No,No,Other,,Yes,,,27887
296,Rock A1 Black,"A1 Black Color,",40.0,Android & iOS,Yes,Yes,No,No,IPS LCD,,Yes,,2.0,829
299,AYANSHENTRPRISE ID116 Smartwatch  ,ID116,1.33,Android,Yes,Yes,No,No,Other,380.0,Yes,,5.0,399
300,SHANVI ENTERPRISES T800,T800 Ultra Honeycomp,,Android & iOS,Yes,Yes,No,No,AMOLED,320.0,Yes,,3.0,679
301,beatXP Marv Super,Marv Super with,50.8,Android & iOS,Yes,Yes,No,No,HD,261.0,Yes,1.5,7.0,1299
302,Fastrack Revoltt FS1,Revoltt FS1 Max|Biggest,49.53,Android & iOS,Yes,Yes,No,No,IPS LCD,289.0,Yes,1.5,5.0,2299
303,Fire-Boltt Legacy 1.43,Legacy 1.43 AMOLED,36.321999999999996,Android & iOS,Yes,Yes,No,No,AMOLED,466.0,Yes,1.0,0.2916666666666667,4499
305,Nokia G42 5G,G42 5G,166.6,,No,No,No,No,Other,,Yes,,,16699
306,boAt Wave Fury,Wave Fury with,46.482,Android & iOS,Yes,Yes,No,No,Other,,Yes,,7.0,1499
308,"beatXP Flux 1.45""","Flux 1.45"" (3.6",36.83,Android & iOS,Yes,Yes,No,No,Other,415.0,Yes,,7.0,1099
310,JAMMY ZONES New,New Edition BT,44.0,Android & iOS,Yes,Yes,No,No,TFT LED,320.0,Yes,50.0,8.0,715
311,MOTOROLA g54 5G,g54 5G,165.10000000000002,,No,No,Yes,No,IPS LCD,,Yes,,,13999
312,Apple Watch Series,Watch Series 9,45.0,iOS,Yes,Yes,Yes,Yes,OLED Retina,440.0,Yes,50.0,0.75,44900
313,boAt Wave Beat,Wave Beat with,41.91,Android & iOS,No,Yes,No,No,Other,260.0,Yes,,7.0,1299
317,POCO C55   ,C55,170.39999999999998,,No,No,Yes,No,Other,,Yes,,,7499
318,Remaxa T800 ultra,"T800 ultra 1.99""Premium",49.0,Android & iOS,Yes,Yes,No,No,HD,,Yes,1.0,7.0,629
322,Apple Watch Series,"Watch Series 8,",41.0,iOS,Yes,Yes,Yes,Yes,OLED Retina,391.0,Yes,50.0,0.75,27999
324,Fitshot Aster 1.43inch,Aster 1.43inch round,36.322,Android & iOS,Yes,Yes,No,No,AMOLED,466.0,Yes,,7.0,2499
325,Pebble Cosmos Luxe,Cosmos Luxe 2.0,36.322,Android & iOS,Yes,Yes,No,No,AMOLED,,Yes,5.0,0.20833333333333334,2799
327,VYGHA COLLECTION T800,T800 S8 Ultra,69.0,Android & iOS,Yes,Yes,Yes,Yes,TFT LED,1080.0,Yes,10.0,10.0,849
328,beatXP Marv Neo,Marv Neo 1.85'',46.0,Android & iOS,Yes,Yes,No,No,HD,260.0,Yes,1.5,7.0,1299
329,boAt Storm Connect,Storm Connect Plus,48.513999999999996,Android & iOS,Yes,Yes,No,No,Other,261.0,Yes,,7.0,1499
331,Nitti Gritti ID116,ID116,40.0,Android & iOS,No,Yes,No,No,Other,,Yes,,0.20833333333333334,405
332,boAt Wave Arcade,Wave Arcade with,45.974,Android & iOS,Yes,Yes,No,No,Other,262.0,Yes,,7.0,1799
334,YAROH NMM_496A_T800 ULTRA,NMM_496A_T800 ULTRA 8,1.33,Android & iOS,Yes,Yes,No,No,Other,312.0,Yes,,24.0,645
336,EVAAENTERPRISES I20 AMAZING,I20 AMAZING BOOM,49.0,Android & iOS,Yes,Yes,No,No,HD,,Yes,10.0,5.0,2069
337,Gamesir T55 BT,T55 BT Calling,45.0,Android & iOS,Yes,Yes,No,No,IPS TFt,,Yes,0.5,3.0,664
338,Fire-Boltt Apollo 3,Apollo 3 Luxury,36.321999999999996,Android & iOS,Yes,Yes,No,No,AMOLED,466.0,Yes,1.0,7.0,2199
345,POCO C55   ,C55,170.39999999999998,,No,No,Yes,No,Other,,Yes,,,7499
348,Ambrane Fyre 2.04,Fyre 2.04 AMOLED,51.816,Android & iOS,Yes,Yes,No,No,Other,408.0,Yes,,5.0,1799
351,Boult CrownR Pro,CrownR Pro 1.43''HD,36.32,Android & iOS,Yes,Yes,No,No,AMOLED,466.0,Yes,1.0,5.0,1999
352,Ykarn Trades F300,F300(D20) PLUS MULTI,4.0,Android & iOS,Yes,Yes,No,No,IPS TFt,240.0,Yes,50.0,5.0,424
355,Envilean T500 1.44,T500 1.44 Inch,32.0,Android & iOS,No,Yes,No,No,Other,,Yes,,2.0,679
356,"Boston Levin Infinity1.85"",Amoled","Infinity1.85"",Amoled Display,Full Touch",46.99,Android & iOS,Yes,Yes,No,Yes,HD,140.0,Yes,1.5,30.0,1799
357,TULUA T900 Ultra,T900 Ultra Big,49.0,Android & iOS,Yes,Yes,No,No,HD,1080.0,Yes,10.0,3.0,756
358,boAt Wave Arcade,Wave Arcade with,45.974,Android & iOS,Yes,Yes,No,No,Other,262.0,Yes,,7.0,1799
359,"Pebble Celia 1.32""","Celia 1.32"" HD",33.52,Android & iOS,Yes,Yes,No,No,IPS TFt,,Yes,0.0,7.0,2999
360,Tecno Spark Go,Spark Go 2023,166.6,,No,No,No,No,IPS,,Yes,,,6397
361,Fire-Boltt Talk Go,Talk Go 1.3'',33.019999999999996,Android & iOS,Yes,Yes,No,No,IPS TFt,240.0,Yes,1.0,15.0,1399
364,Boult Drift+ Bluetooth,"Drift+ Bluetooth Calling,",46.99,Android & iOS,Yes,Yes,No,No,IPS TFt,260.0,Yes,1.5,7.0,1099
367,Fastrack Revoltt FS1|1.83,Revoltt FS1|1.83 Display|BT,46.48,Android & iOS,Yes,Yes,No,No,IPS LCD,262.0,Yes,1.5,5.0,1599
368,boAt Lunar Mirage,Lunar Mirage with,38.6,Android & iOS,Yes,Yes,No,No,Other,383.0,Yes,,7.0,1899
369,Apple Watch Series,Watch Series 9,45.0,iOS,Yes,Yes,Yes,Yes,OLED Retina,440.0,Yes,50.0,0.75,44900
371,Vibez Muse Smart,Muse Smart Watch,48.54,Android & iOS,Yes,Yes,No,No,Other,268.0,Yes,,7.0,1499
373,Boult Drift+ Bluetooth,"Drift+ Bluetooth Calling,",46.99,Android & iOS,Yes,Yes,No,No,IPS TFt,260.0,Yes,1.5,7.0,1099
374,"Ambrane Wise-Roam 2,","Wise-Roam 2, 1.39""",35.306,Android & iOS,Yes,Yes,No,No,Other,240.0,Yes,,10.0,1499
375,Boult CrownR Pro,CrownR Pro 1.43''HD,36.32,Android & iOS,Yes,Yes,No,No,AMOLED,466.0,Yes,1.0,5.0,1999
379,Gamesir I8 Pink-A1,I8 Pink-A1 Full,39.0,Android & iOS,Yes,Yes,No,No,IPS TFt,,Yes,0.5,2.0,675
381,boAt Wave Infinity,Wave Infinity with,46.99,Android & iOS,Yes,Yes,No,No,Other,260.0,Yes,,7.0,1999
383,Fastrack Revoltt FR1,Revoltt FR1 Pro|1.3Inch,33.019999999999996,Android & iOS,Yes,Yes,No,No,AMOLED,360.0,Yes,1.5,5.0,2499
384,Ykarn Trades F277,F277(D20) ULTRA FITNESS,4.0,Android & iOS,Yes,Yes,No,No,IPS TFt,240.0,Yes,50.0,5.0,445
388,Noise Qube 2,"Qube 2 1.96""",49.784,Android & iOS,Yes,Yes,No,No,IPS TFt,261.0,Yes,1.0,7.0,1399
390,TECHMAZE DZ09 Bluetooth,DZ09 Bluetooth 4G,40.0,Android & iOS,Yes,Yes,Yes,Yes,Other,312.0,Yes,5.0,8.0,879
391,AMAZFIT POP 3R,POP 3R Smart,36.321999999999996,Android & iOS,Yes,Yes,No,No,AMOLED,466.0,Yes,1.5,12.0,3999
393,Fire-Boltt Destiny 1.39'',Destiny 1.39'' Stainless,35.306,Android & iOS,Yes,Yes,No,No,IPS TFt,360.0,Yes,1.0,9.0,2199
394,Ciberer BTALK2 1.43,BTALK2 1.43 HD,36.0,Android & iOS,Yes,Yes,No,No,Super AMOLED,466.0,Yes,1.0,7.0,3699
395,DSSB ID116 Plus,ID116 Plus Bluetooth,42.0,Android,No,Yes,No,No,IPS LCD,10.0,Yes,,10.0,456
396,beatXP Vega Neo,Vega Neo 1.43”,36.32,Android & iOS,Yes,Yes,No,No,Other,466.0,Yes,,7.0,1799
398,boAt Lunar Call,Lunar Call Plus,36.321999999999996,Android & iOS,Yes,Yes,No,No,AMOLED,466.0,Yes,,7.0,3499
401,Apple Watch Series,Watch Series 9,45.0,iOS,Yes,Yes,Yes,Yes,OLED Retina,440.0,Yes,50.0,0.75,44900
402,Pebble Cosmos Nova,"Cosmos Nova 1.96""",49.784,Android & iOS,Yes,Yes,No,No,IPS TFt,353.0,Yes,1.0,0.2916666666666667,2299
404,Noise Vision 3,Vision 3 with,49.784,Android & iOS,Yes,Yes,No,No,Other,456.0,Yes,,7.0,3499
405,fire turtle T800,T800 8 Ultra,45.0,Android,Yes,Yes,No,No,Other,1080.0,Yes,,1.0,1099
407,"Fire-Boltt Ultimate 1.39""","Ultimate 1.39"" Stainless",35.306,Android & iOS,Yes,Yes,No,No,HD,240.0,Yes,1.0,30.0,2199
412,PunnkFunnk T800 ultra,T800 ultra Series,49.0,Android & iOS,Yes,Yes,No,No,Super AMOLED,,Yes,0.5,0.08333333333333333,779
415,"SAMSUNG Watch 4,","Watch 4, 44mmSuper",35.559999999999995,Android,Yes,Yes,No,No,Super AMOLED,450.0,Yes,50.0,40.0,10999
419,vivo Y17s   ,Y17s,166.6,,No,No,Yes,No,IPS LCD,,Yes,,,11499
421,AYANSHENTRPRISE ID 116,ID 116,32.0,Android,Yes,Yes,No,No,Other,140.0,Yes,,4.0,381
422,GFive Rose 316  ,Rose 316,45.7,,No,No,No,No,Other,,No,,,649
423,boAt Storm call,Storm call 1.69,42.925999999999995,Android & iOS,Yes,Yes,No,No,Other,260.0,Yes,,7.0,1499
425,Bonafide T900 Ultra,"T900 Ultra 2.09""",54.0,Android & iOS,Yes,Yes,No,Yes,AMOLED,353.0,Yes,1.0,3.0,683
426,CrossBeats Armour Dive,Armour Dive –,36.3,Android & iOS,Yes,Yes,No,No,AMOLED,,Yes,10.0,15.0,3999
428,NIKHILX T800 ultra,T800 ultra smart,49.0,Android,Yes,Yes,No,No,Other,1024.0,Yes,,4.0,641
429,alt OG Bluetooth,"OG Bluetooth Calling,",42.926,Android & iOS,Yes,Yes,No,No,Other,260.0,Yes,,7.0,1099
430,Nokia 5310 DS,5310 DS Keypad,61.0,,No,No,Yes,No,Other,,No,,,3299
432,DIZO Watch 2,Watch 2 sports,42.925999999999995,Android & iOS,No,Yes,No,No,IPS TFt,260.0,Yes,50.0,10.0,1499
434,"beatXP Flux 1.45""","Flux 1.45"" (3.6",36.83,Android & iOS,Yes,Yes,No,No,Other,415.0,Yes,,7.0,1099
435,Urban Wings Ultra,Ultra 9 Smart,49.0,Android,Yes,Yes,No,No,Other,452.0,Yes,,1.0,613
438,Siya Shine T-500,T-500 Smart Watch,43.0,Android & iOS,Yes,Yes,No,No,IPS LCD,240.0,Yes,,5.0,642
439,alt Vibe Lite,Vibe Lite Bluetooth,32.512,Android & iOS,Yes,Yes,No,No,Other,240.0,Yes,,5.0,1299
441,POCO C51   ,C51,165.6,,No,No,Yes,No,HD,,Yes,,,6499
442,Jinisha T800 Android,T800 Android Smart,,Android & iOS,Yes,Yes,No,No,AMOLED,320.0,Yes,,3.0,850
443,"Fire-Boltt Hurricane 1.3""","Hurricane 1.3"" Curved",1.3,Android & iOS,No,Yes,No,No,HD,240.0,Yes,1.0,15.0,1299
444,Pebble Cosmos Quest,"Cosmos Quest 1.43""AMOLED",36.32,Android & iOS,Yes,Yes,No,No,AMOLED,,Yes,1.0,7.0,2799
445,Fire-Boltt Ninja Pro,Ninja Pro Max,51.053999999999995,Android & iOS,Yes,Yes,No,No,IPS TFt,266.0,Yes,1.0,25.0,1199
446,"Noise Impact 2""","Impact 2"" HD",50.8,Android & iOS,Yes,Yes,No,No,IPS TFt,268.0,Yes,1.0,7.0,1499
447,Fastrack Revoltt FS1,Revoltt FS1 Max|Biggest,49.53,Android & iOS,Yes,Yes,No,No,IPS LCD,289.0,Yes,1.5,5.0,2299
448,FRONY VF_Ultra 8,VF_Ultra 8 Watch,45.0,Android & iOS,Yes,Yes,No,No,Other,1024.0,Yes,,1.0,999
449,EVAAENTERPRISES T-800 Smartwatch  ,T-800,25.0,Android & iOS,Yes,Yes,No,No,Other,1080.0,Yes,,4.0,656
450,Boult Cosmic R,"Cosmic R 1.3""HD,",33.02,Android & iOS,No,Yes,No,No,IPS TFt,240.0,Yes,1.5,10.0,1199
451,Apple Watch Series,Watch Series 9,45.0,iOS,Yes,Yes,Yes,Yes,OLED Retina,440.0,Yes,50.0,0.75,44900
455,Apple Watch Series,Watch Series 9,41.0,iOS,Yes,Yes,Yes,Yes,OLED Retina,391.0,Yes,50.0,0.75,41900
457,Rock DZ09 Golden,DZ09 Golden 4G,40.0,Android & iOS,Yes,Yes,No,No,IPS LCD,,Yes,,2.0,774
458,PIXIR Phone Bluetooth,Phone Bluetooth Wrist,254.0,Android & iOS,Yes,Yes,Yes,Yes,AMOLED,240.0,Yes,100.0,10.0,769
459,"Noise Impact 2""","Impact 2"" HD",50.8,Android & iOS,Yes,Yes,No,No,IPS TFt,268.0,Yes,1.0,7.0,1499
460,PunnkFunnk T55 Double,T55 Double Pair,35.0,Android & iOS,Yes,Yes,No,No,AMOLED,,Yes,0.5,3.0,699
461,Apple Watch Series,Watch Series 9,41.0,iOS,Yes,Yes,Yes,Yes,OLED Retina,391.0,Yes,50.0,0.75,41900
463,"Pebble Vogue 1.96""","Vogue 1.96"" Amoled",49.784,Android & iOS,Yes,Yes,No,No,AMOLED,456.0,Yes,1.0,5.0,2099
464,Fire-Boltt Commando 1.95,Commando 1.95 AMOLED,49.784,Android & iOS,Yes,Yes,No,No,AMOLED,456.0,Yes,,5.0,2199
465,Tecno Pova 5,Pova 5 45W,172.2,,No,No,No,No,Other,,Yes,,,10499
466,Fastrack Optimus with,Optimus with 1.43'',36.32,Android & iOS,Yes,Yes,No,No,AMOLED,466.0,Yes,1.5,7.0,3499
468,"Cellecor STEW 1.83""","STEW 1.83"" BT",46.482,Android & iOS,Yes,Yes,No,No,HD,262.0,Yes,1.5,35.0,1279
470,boAt Wave Fury,Wave Fury with,46.482,Android & iOS,Yes,Yes,No,No,Other,,Yes,,7.0,1699
476,Noise Caliber 3,Caliber 3 1.78,45.212,Android & iOS,Yes,Yes,No,No,Other,408.0,Yes,,7.0,2499
477,Techfly T800 Ultra,T800 Ultra Watch,49.0,Android & iOS,Yes,Yes,No,No,HD,420.0,Yes,,1.0,855
478,Fire-Boltt Ninja Talk,Ninja Talk 1.39'',35.306,Android & iOS,Yes,Yes,No,No,IPS TFt,240.0,Yes,1.0,6.0,2499
479,Y2H Enterprises SA499,SA499(Y68) LATEST HEART,4.0,Android & iOS,No,Yes,No,No,TFT LED,240.0,Yes,50.0,5.0,544
481,nkk IDS116 SMART,IDS116 SMART BRACELET,44.0,Android,No,Yes,No,No,Other,400.0,Yes,,24.0,375
482,Fire-Boltt Hunter 2.01,Hunter 2.01 inch,51.053999999999995,Android & iOS,Yes,Yes,No,Yes,IPS TFt,268.0,Yes,1.0,5.0,1599
484,Fire-Boltt Legacy 1.43,Legacy 1.43 AMOLED,36.321999999999996,Android & iOS,Yes,Yes,No,No,AMOLED,466.0,Yes,1.0,0.2916666666666667,3799
485,"Pebble Carbon 1.39""HD","Carbon 1.39""HD Display,Black",35.3,Android & iOS,Yes,Yes,No,No,HD,,Yes,1000.0,7.0,1299
487,Fire-Boltt Legacy 1.43,Legacy 1.43 AMOLED,36.321999999999996,Android & iOS,Yes,Yes,No,No,AMOLED,466.0,Yes,1.0,0.2916666666666667,4499
490,S2D Rose Gold,Rose Gold Smartwatch,45.0,Android & iOS,Yes,Yes,No,No,Other,209.0,Yes,,1.0,2029
491,TECHMAZE T800 Ultra,T800 Ultra Honeycomp,,Android & iOS,Yes,Yes,No,No,AMOLED,320.0,Yes,,3.0,797
496,beatXP Evoke 1.43'',Evoke 1.43'' Super,36.32,Android & iOS,Yes,Yes,No,No,AMOLED,466.0,Yes,6.3,7.0,1999
499,phinix Gen-9 Always,Gen-9 Always on,44.0,Android & iOS,Yes,Yes,No,No,HD,320.0,Yes,,2.0,1880
504,Fire-Boltt Shark 1.83'',Shark 1.83'' Smartwatch,46.482,Android & iOS,Yes,Yes,No,No,IPS TFt,262.0,Yes,1.0,13.0,1799
505,"alt Vibe Pro,","Vibe Pro, 1.5""",38.1,Android & iOS,Yes,Yes,No,No,IPS LCD,360.0,Yes,,7.0,1999
511,Noise Colorfit Icon,Colorfit Icon 2,45.72,Android & iOS,Yes,Yes,No,No,Other,263.0,Yes,,7.0,1499
512,"Fire-Boltt Wonder 1.8""","Wonder 1.8"" Bluetooth",45.72,Android & iOS,Yes,Yes,No,No,IPS,263.0,Yes,1.0,8.0,1199
513,boAt Wave Select,Wave Select with,41.91,Android & iOS,No,Yes,No,No,Other,260.0,Yes,,10.0,1299
514,AMAZFIT Pop 2,Pop 2 with,45.211999999999996,Android & iOS,Yes,Yes,No,No,AMOLED,408.0,Yes,,10.0,3999
517,NIKHILX S8 ULTRA,S8 ULTRA 5G,49.0,Android,Yes,Yes,No,No,Other,1024.0,Yes,0.5,4.0,598
520,Fastrack Revoltt FS1+|2.01'',Revoltt FS1+|2.01'' Biggest,51.053999999999995,Android & iOS,Yes,Yes,No,No,IPS LCD,263.0,Yes,1.5,5.0,1799
521,VINJURI T800 ULTRA,T800 ULTRA SMARTWATCH,1080.0,Android & iOS,Yes,Yes,No,No,IPS LCD,1080.0,Yes,10.0,4.0,598
524,Noise Icon Buzz,"Icon Buzz 1.69""",42.925999999999995,Android & iOS,Yes,Yes,No,No,IPS LCD,260.0,Yes,1.0,7.0,1299
525,boAt Wave Infinity,Wave Infinity with,46.99,Android & iOS,Yes,Yes,No,No,Other,260.0,Yes,,7.0,1999
528,Shauryam Smart Watch,Smart Watch for,40.0,Android & iOS,No,Yes,Yes,Yes,IPS TFt,180.0,Yes,3.0,5.0,478
529,AYANSHENTRPRISE id 116,id 116,10.0,Android,Yes,Yes,No,No,Other,120.0,Yes,,2.0,439
530,SPEEDFOX Unisex smart,Unisex smart watch,49.0,Android & iOS,Yes,Yes,No,No,AMOLED,720.0,Yes,,,737
533,Noise Thrive 1.85'',Thrive 1.85'' Display,46.99,Android & iOS,Yes,Yes,No,No,IPS TFt,260.0,Yes,,7.0,1499
534,Fitshot Aster 1.43inch,Aster 1.43inch round,36.322,Android & iOS,Yes,Yes,No,No,AMOLED,466.0,Yes,,7.0,2499
535,"Boston Levin Infinity1.85"",Amoled,Full","Infinity1.85"",Amoled,Full Touch Screen,Smart",46.99,Android & iOS,Yes,Yes,No,Yes,HD,140.0,Yes,1.5,30.0,1799
537,Gunjan Sales UltraT-800,UltraT-800 Series 8,,Android & iOS,Yes,Yes,No,No,AMOLED,320.0,Yes,,3.0,681
538,EVAAENTERPRISES T-800 Smartwatch  ,T-800,25.0,Android & iOS,Yes,Yes,No,No,Other,1080.0,Yes,,4.0,597
539,POCO X5 5G,X5 5G,169.4,,No,No,Yes,No,Super AMOLED,,Yes,,,14999
546,ShopSmart A1 Smart,A1 Smart Watch,40.0,Android & iOS,Yes,Yes,No,No,Other,240.0,Yes,,5.0,994
549,Fire-Boltt King Luxury,King Luxury Stainless,45.211999999999996,Android & iOS,Yes,Yes,No,No,AMOLED,408.0,Yes,1.0,7.0,2999
552,Fire-Boltt Ninja Talk,Ninja Talk 1.39'',35.306,Android & iOS,Yes,Yes,No,No,IPS TFt,240.0,Yes,1.0,6.0,1599
553,Apple Watch Series,Watch Series 9,45.0,iOS,Yes,Yes,Yes,Yes,OLED Retina,440.0,Yes,50.0,0.75,54900
554,Melbon I8 Pro,I8 Pro Max,49.0,Android & iOS,Yes,Yes,No,No,AMOLED,,Yes,,3.0,699
556,"Fire-Boltt Cyclone Pro,","Cyclone Pro, 1.43�",36.321999999999996,Android & iOS,Yes,Yes,No,No,AMOLED,466.0,Yes,1.0,9.0,1999
557,EVAAENTERPRISES T 800,T 800,25.0,Android & iOS,Yes,Yes,No,No,Other,1080.0,Yes,,4.0,897
558,PunnkFunnk Men's &,Men's & Women's,45.0,Android & iOS,Yes,Yes,No,No,AMOLED,420.0,Yes,0.5,3.0,799
559,AOUDLOUD Bluetooth Calling/Music/Fitness,Bluetooth Calling/Music/Fitness Feature,45.0,Android & iOS,Yes,Yes,No,No,IPS LCD,262.0,Yes,120.0,7.0,1999
563,"Boston Levin Infinity1.85"",Amoled","Infinity1.85"",Amoled Display,Full Touch",46.99,Android & iOS,Yes,Yes,No,Yes,HD,140.0,Yes,,30.0,1799
564,Noise NoiseFit Active,NoiseFit Active with,32.5,Android & iOS,No,Yes,No,Yes,IPS TFt,240.0,Yes,50.0,7.0,1999
565,Noise Icon 3,"Icon 3 1.91""",48.513999999999996,Android & iOS,Yes,Yes,No,No,Other,268.0,Yes,,7.0,1499
567,boAt Ultima Connect,Ultima Connect with,46.228,Android & iOS,Yes,Yes,No,No,Other,262.0,Yes,,7.0,1299
571,REDMI A1+   ,A1+,165.6,,No,No,Yes,No,HD,,Yes,,,8499
573,KARBONN K9 Yodha  ,K9 Yodha,45.7,,No,No,No,No,IPS TFt,,No,,,1139
576,Fire-Boltt Hunter 2.01,Hunter 2.01 inch,51.053999999999995,Android & iOS,Yes,Yes,No,Yes,IPS TFt,268.0,Yes,1.0,5.0,1599
578,Mui Ultra Seris,Ultra Seris 8,49.0,Android & iOS,Yes,Yes,No,No,HD,320.0,Yes,,1.0,672
579,Fire-Boltt Shark 1.83'',Shark 1.83'' Smartwatch,46.482,Android & iOS,Yes,Yes,No,No,IPS TFt,262.0,Yes,1.0,16.0,1799
581,Clairbell CPC_138L_A1 Smart,CPC_138L_A1 Smart Watchwatch,40.0,Android & iOS,Yes,Yes,No,No,Other,315.0,Yes,50.0,31.0,999
582,Fire-Boltt Shark 1.83'',Shark 1.83'' Smartwatch,46.482,Android & iOS,Yes,Yes,No,No,IPS TFt,262.0,Yes,1.0,15.0,1799
584,Like Star New,New T800 Series,50.0,Android & iOS,Yes,Yes,No,No,Other,,Yes,,3.0,649
585,Ambrane Wise Eon,Wise Eon Pro1.85,46.99,Android & iOS,Yes,Yes,No,No,Other,260.0,Yes,,10.0,1499
586,SHANVI ENTERPRISES T800,T800 Ultra Honeycomp,,Android & iOS,Yes,Yes,No,No,AMOLED,320.0,Yes,,3.0,757
587,Fire-Boltt Apollo 3,Apollo 3 Luxury,36.321999999999996,Android & iOS,Yes,Yes,No,No,AMOLED,466.0,Yes,1.0,7.0,2199
589,Fire-Boltt Commando 1.95,Commando 1.95 AMOLED,49.784,Android & iOS,Yes,Yes,No,No,AMOLED,456.0,Yes,,5.0,2099
590,BalajiCommunication  i20,(10 in 1,49.0,Android & iOS,Yes,Yes,No,No,AMOLED,1024.0,Yes,10.0,4.0,2379
593,Boult Sterling Pro,Sterling Pro BT,36.32,Android & iOS,Yes,Yes,No,No,AMOLED,466.0,Yes,1.0,7.0,2199
594,itel it5027  ,it5027,61.0,,No,No,No,No,Other,,No,,,1169
595,"Noise Impact 2""","Impact 2"" HD",50.8,Android & iOS,Yes,Yes,No,No,IPS TFt,268.0,Yes,1.0,7.0,1499
597,"Fire-Boltt Cobra 1.78""","Cobra 1.78"" AMOLED",45.211999999999996,Android & iOS,Yes,Yes,No,No,AMOLED,408.0,Yes,1.0,5.0,2799
598,Noise Icon 2,Icon 2 1.8'',45.72,Android & iOS,Yes,Yes,No,No,Other,263.0,Yes,,7.0,1499
601,Noise Fit Buzz,Fit Buzz with,33.52,Android & iOS,Yes,Yes,No,No,Other,360.0,Yes,,7.0,1499
602,Pebble Frost Pro,Frost Pro,49.784,Android & iOS,Yes,Yes,No,No,IPS TFt,,Yes,1.0,0.20833333333333334,1199
603,"SGG Gen 9,","Gen 9, Diamond",44.0,Android,No,Yes,Yes,Yes,HD,360.0,Yes,,3.0,1959
604,Boult Drift 2,Drift 2 BT,46.99,Android & iOS,Yes,Yes,No,No,IPS TFt,260.0,Yes,1.0,7.0,1299
606,boAt Lunar Space,Lunar Space Plus,35.306,Android & iOS,Yes,Yes,No,No,Other,240.0,Yes,,7.0,2099
608,Pebble Cosmos Engage,"Cosmos Engage 1.95""",49.53,Android & iOS,Yes,Yes,No,No,IPS TFt,460.0,Yes,1.0,0.16666666666666666,2299
611,alt Vibe Lite,Vibe Lite Bluetooth,32.512,Android & iOS,Yes,Yes,No,No,Other,240.0,Yes,,5.0,1299
612,REDMI 11 Prime,11 Prime,167.10000000000002,,No,No,Yes,No,IPS LCD,,Yes,,,10999
614,alt OG Pro,OG Pro BT,49.022,Android & iOS,Yes,Yes,No,No,Other,340.0,Yes,,7.0,1999
616,Cyxus 4G Smart,Smart 4G calling,40.0,Android & iOS,Yes,Yes,No,No,Other,,Yes,,2.0,899
617,FRONY ND106_D20 ULTRA,ND106_D20 ULTRA ACTIVITY,26.0,Android & iOS,No,Yes,No,No,Other,312.0,Yes,,24.0,499
618,TECHMAZE I8 Pro,I8 Pro Max,40.0,Android & iOS,Yes,Yes,No,No,HD,,Yes,70.0,2.0,705
621,Fastrack Revoltt FS1,Revoltt FS1 Pro|World's,49.78,Android & iOS,Yes,Yes,No,No,Super AMOLED,456.0,Yes,1.5,7.0,2999
625,Melbon T800 Trending,T800 Trending Bluetooth,49.0,Android & iOS,Yes,Yes,No,No,IPS,420.0,Yes,0.5,3.0,800
626,Pebble Cosmos Vault,"Cosmos Vault 1.43""Amoled",36.322,Android & iOS,Yes,Yes,No,No,IPS TFt,466.0,Yes,1.0,0.20833333333333334,2199
628,boAt Storm Plus,Storm Plus with,45.211999999999996,Android & iOS,Yes,Yes,No,No,Other,408.0,Yes,,7.0,1999
629,JANROCK D18 smart,"D18 smart bracelet,fitness",40.0,Android & iOS,No,Yes,No,No,HD,,Yes,,,549
630,Noise Caliber Buzz,Caliber Buzz 1.69'',42.926,Android & iOS,Yes,Yes,No,No,Other,260.0,Yes,,10.0,1599
631,REDMI 12   ,12,172.5,,No,No,Yes,No,HD,,Yes,,,10499
632,Infinix SMART 8,SMART 8 HD,167.60000000000002,,No,No,Yes,No,IPS,,Yes,,,6299
633,Boult Drift 2,Drift 2 BT,46.99,Android & iOS,Yes,Yes,No,No,IPS TFt,260.0,Yes,1.0,7.0,1299
636,BOOMFIRE T800 Ultra,T800 Ultra 4G,,Android & iOS,Yes,Yes,No,No,AMOLED,320.0,Yes,,3.0,764
637,Noise Thrill with,"Thrill with 2""",50.8,Android & iOS,Yes,Yes,No,No,Other,268.0,Yes,1.5,15.0,2199
638,Boult Rover Pro,"Rover Pro 1.43""",36.32,Android & iOS,Yes,Yes,No,No,AMOLED,466.0,Yes,1.5,7.0,1999
640,Ambrane Fyre 2.04,Fyre 2.04 AMOLED,51.816,Android & iOS,Yes,Yes,No,No,Other,408.0,Yes,,5.0,1799
643,"Fire-Boltt Blizzard 1.28""","Blizzard 1.28"" Luxury",32.512,Android & iOS,Yes,Yes,No,No,IPS TFt,240.0,Yes,1.0,7.0,3599
644,Fastrack Revoltt FS1|1.83,Revoltt FS1|1.83 Display|BT,46.48,Android & iOS,Yes,Yes,No,No,IPS LCD,262.0,Yes,1.5,5.0,1599
647,"Fire-Boltt Combat 1.95""","Combat 1.95"" Large",49.529999999999994,Android & iOS,Yes,Yes,No,No,IPS TFt,261.0,Yes,1.0,7.0,2199
648,Gunjan Sales T800/T100/T700,T800/T100/T700 Ultra smartwatch,,Android & iOS,Yes,Yes,No,No,AMOLED,489.0,Yes,,4.0,730
650,Noise Pro 5,Pro 5 1.85,46.99,Android & iOS,Yes,Yes,No,No,AMOLED,420.0,Yes,1.5,7.0,4499
651,Ciberer BTALK2 1.43,BTALK2 1.43 HD,36.0,Android & iOS,Yes,Yes,No,No,Super AMOLED,466.0,Yes,1.0,7.0,3699
652,NB EMPIRE Smart,Smart Watch S8,,Android & iOS,Yes,Yes,No,Yes,AMOLED,320.0,Yes,,3.0,598
653,Nokia 8210 4G,8210 4G Volte,71.10000000000001,,No,No,No,No,Other,,No,,,3549
654,Apple Watch Series,Watch Series 9,45.0,iOS,Yes,Yes,Yes,Yes,OLED Retina,440.0,Yes,50.0,0.75,44900
655,Ciberer Beyond3 1.43,Beyond3 1.43 AMOLED,36.0,Android & iOS,Yes,Yes,No,No,AMOLED,466.0,Yes,30.0,14.0,3599
656,POCO M6 Pro,M6 Pro 5G,172.5,,No,No,Yes,No,HD,,Yes,,,11999
657,Noise Colorfit Icon,Colorfit Icon 2,45.72,Android & iOS,Yes,Yes,No,No,Other,263.0,Yes,,7.0,1499
658,boAt Lunar Connect,Lunar Connect with,32.512,Android & iOS,Yes,Yes,No,No,Other,240.0,Yes,,7.0,1729
659,YAAH CREATION Ben,Ben ten Projector,25.0,Windows,No,No,No,No,Other,,No,,,257
663,NSP STORE T800,T800 Ultra Smart,45.0,Android & iOS,Yes,Yes,Yes,Yes,TFT LED,1024.0,Yes,0.5,2.0,1278
665,Fire-Boltt Supernova 1.78,Supernova 1.78 AMOLED,45.211999999999996,Android & iOS,Yes,Yes,No,No,AMOLED,408.0,Yes,1.0,5.0,2799
668,TECHMAZE Android Smart,Android Smart Watch,,Android & iOS,Yes,Yes,No,Yes,AMOLED,320.0,Yes,,3.0,1899
669,Dufort DUFORT DZ09,DUFORT DZ09 Smartwatch,44.0,Android & iOS,Yes,Yes,No,No,IPS TFt,320.0,Yes,100.0,2.0,762
670,Fastrack Revoltt FS1|1.83,Revoltt FS1|1.83 Display|BT,46.48,Android & iOS,Yes,Yes,No,No,IPS LCD,262.0,Yes,1.5,5.0,1599
671,Noise Pro 5,Pro 5 Max,49.784,Android & iOS,Yes,Yes,No,No,AMOLED,420.0,Yes,1.5,7.0,4999
676,Noise Fuse Plus,"Fuse Plus 1.43""",36.322,Android & iOS,Yes,Yes,No,No,Other,466.0,Yes,,7.0,1999
677,boAt Lunar Mirage,Lunar Mirage with,38.6,Android & iOS,Yes,Yes,No,No,Other,383.0,Yes,,7.0,2099
679,maavi T800 Ultra,T800 Ultra Watch,49.0,Android & iOS,Yes,Yes,No,No,HD,320.0,Yes,,3.0,709
680,Nokia 105 DS,105 DS (2023),45.7,,No,No,No,No,Other,,No,,,1465
681,Fastrack Revoltt FS1,Revoltt FS1 Max|Biggest,49.53,Android & iOS,Yes,Yes,No,No,IPS LCD,261.0,Yes,1.5,5.0,2299
682,Rhobos A96 All,A96 All In,40.0,Android & iOS,Yes,Yes,No,No,Other,240.0,Yes,,2.0,1999
683,beatXP Marv Ace,Marv Ace 1.85'',46.99,Android & iOS,Yes,Yes,No,No,Other,262.0,Yes,,7.0,999
685,SAMSUNG Galaxy Z,Galaxy Z Flip4,170.2,,No,No,Yes,No,AMOLED,,Yes,,,59999
686,NIKHILX T800 Ultra,T800 Ultra,45.0,Android & iOS,Yes,Yes,No,No,Other,720.0,Yes,,2.0,598
687,beatXP Marv Aura,Marv Aura 1.83”,46.0,Android & iOS,Yes,Yes,No,No,HD,262.0,Yes,,7.0,999
689,Ambrane Wise Glaze,Wise Glaze with,45.212,Android & iOS,Yes,Yes,No,No,Other,408.0,Yes,,7.0,1799
691,Vibez by Lifelong,by Lifelong Sigma,35.306,Android & iOS,Yes,Yes,No,No,IPS LCD,360.0,Yes,30.0,6.0,1999
692,MOTOROLA Edge 40,Edge 40 Neo,166.4,,No,No,Yes,No,TFT LED,,Yes,,,22999
693,Pebble Frost Pro,"Frost Pro 1.96""",49.784,Android & iOS,Yes,Yes,No,No,IPS TFt,,Yes,1.0,0.20833333333333334,1199
695,Grekey T500 Bluetooth,T500 Bluetooth Calling,44.0,Android & iOS,Yes,Yes,No,Yes,TFT LED,480.0,Yes,,2.0,595
696,AeoFit Atlas Bluetooth,Atlas Bluetooth Calling,46.0,Android & iOS,Yes,Yes,No,No,HD,,Yes,,3.0,1823
698,HLMT Teenagers LED,Teenagers LED Luxurious,34.0,Proprietary OS,No,No,No,No,Other,,No,30.0,0.25,239
701,AYANSHENTRPRISE ID116 Smartwatch  ,ID116,10.0,Android,Yes,Yes,No,No,Other,380.0,Yes,,3.0,389
702,"Ambrane Wise-Roam 2,","Wise-Roam 2, 1.39""",35.306,Android & iOS,Yes,Yes,No,No,Other,240.0,Yes,,10.0,1499
704,Mui T900 Ultra,T900 Ultra 2.09,49.0,Android & iOS,Yes,Yes,No,No,HD,353.0,Yes,,48.0,699
706,Fire-Boltt Rise Luxe,Rise Luxe Stainless,46.99,Android & iOS,Yes,Yes,No,No,IPS LCD,260.0,Yes,1.0,7.0,1499
707,Noise Mighty BT,Mighty BT Calling,49.784,Android & iOS,Yes,Yes,No,No,IPS TFt,263.0,Yes,1.5,7.0,2499
708,Noise Caliber Go,"Caliber Go 1.69""",43.0,Android & iOS,No,Yes,No,No,Other,260.0,Yes,,10.0,1299
709,boAt Wave Flex,Wave Flex Connect,46.482,Android & iOS,Yes,Yes,No,No,Other,260.0,Yes,,7.0,1529
714,Fire-Boltt Shark 1.83'',Shark 1.83'' Smartwatch,46.482,Android & iOS,Yes,Yes,No,No,IPS TFt,262.0,Yes,1.0,14.0,1799
715,Noise Fuse 1.38'',Fuse 1.38'' Round,35.052,Android & iOS,Yes,Yes,No,No,Other,240.0,Yes,,7.0,1399
716,Ambrane Crest Pro,Crest Pro 1.52'',38.608,Android & iOS,Yes,Yes,No,No,Other,360.0,Yes,,7.0,1999
717,hoover DZO9 Smartwatch,DZO9 Smartwatch 0011,40.0,Android & iOS,Yes,Yes,No,No,Other,240.0,Yes,,20.0,684
718,TIGFANTER T800 Ultra,T800 Ultra 8,45.0,Android & iOS,Yes,Yes,No,No,HD,1080.0,Yes,10.0,3.0,649
719,CrossBeats Orbit Apex,Orbit Apex SUPER,35.56,Android & iOS,Yes,Yes,No,No,Super AMOLED,454.0,Yes,30.0,10.0,3299
720,AOUDLOUD Bluetooth Calling/Music/Fitness,Bluetooth Calling/Music/Fitness Feature,49.0,Android & iOS,Yes,Yes,No,No,HD,450.0,Yes,100.0,7.0,638
721,alt Vibe BT,Vibe BT Calling,35.052,Android & iOS,Yes,Yes,No,No,Other,240.0,Yes,,7.0,1299
722,MOTOROLA g13   ,g13,165.10000000000002,,No,No,Yes,No,IPS LCD,,Yes,,,8999
724,Bymaya D312 ADVANCE,D312(A1) ADVANCE HEART,34.0,Android & iOS,No,Yes,No,No,IPS TFt,240.0,Yes,50.0,5.0,694
725,Noise Fuse Plus,"Fuse Plus 1.43""",36.322,Android & iOS,Yes,Yes,No,No,Other,466.0,Yes,,7.0,1999
728,KARBONN KX 29  ,KX 29,61.0,,No,No,No,No,Other,,No,,,1406
729,"Boult Striker+ 1.39""","Striker+ 1.39"" HD,",35.306,Android & iOS,Yes,Yes,No,No,HD,240.0,Yes,1.0,7.0,1299
730,Infinix SMART 8,SMART 8 HD,167.60000000000002,,No,No,Yes,No,IPS,,Yes,,,6299
735,boAt Lunar Tigon,Lunar Tigon with,36.3,Android & iOS,Yes,Yes,No,No,Other,466.0,Yes,,10.0,3099
737,beatXP Vector 1.30'',Vector 1.30'' HD,33.02,Android & iOS,Yes,Yes,No,No,Other,320.0,Yes,,7.0,999
738,boAt Storm Call,Storm Call 2,46.4,Android & iOS,Yes,Yes,No,No,Other,262.0,Yes,,7.0,1699
740,FITRIC X8 ultra,X8 ultra Ultra,1.99,Android & iOS,Yes,Yes,No,No,IPS LCD,320.0,Yes,3.0,3.0,679
741,RACRO A1 Smart,A1 Smart Watch,2591.0,Android & iOS,Yes,Yes,Yes,No,TFT LED,370.0,Yes,,3.0,849
742,REDMI Note 12,Note 12 5G,169.4,,No,No,Yes,No,Super AMOLED,,Yes,,,15499
743,Fastrack Revoltt FS1,Revoltt FS1 Pro|World's,49.78,Android & iOS,Yes,Yes,No,No,Super AMOLED,456.0,Yes,1.5,7.0,2499
744,POCO M6 Pro,M6 Pro 5G,172.5,,No,No,Yes,No,HD,,Yes,,,13999
745,beatXP Vega 1.43'',Vega 1.43'' Super,36.32,Android & iOS,Yes,Yes,No,No,Other,466.0,Yes,,7.0,1899
748,boAt Wave Select,Wave Select with,41.91,Android & iOS,No,Yes,No,No,Other,260.0,Yes,,10.0,1299
749,Jocoto OP500_D20 PRO,OP500_D20 PRO MULTI,34.0,Android & iOS,No,Yes,No,No,IPS TFt,320.0,Yes,,5.0,499
750,NB EMPIRE Android,Android Smart Watch,,Android & iOS,Yes,Yes,No,Yes,AMOLED,320.0,Yes,,3.0,559
751,"Pebble Crest 2.02""Infinite","Crest 2.02""Infinite Display,Rugged",48.51,Android & iOS,Yes,Yes,No,No,IPS TFt,352.0,Yes,1.0,0.20833333333333334,1499
752,beatXP Marv Sense,Marv Sense 1.96'',49.78,Android & iOS,Yes,Yes,No,No,Other,353.0,Yes,,7.0,999
754,Boult Drift Pro,"Drift Pro 1.78""",45.211999999999996,Android & iOS,Yes,Yes,No,No,AMOLED,408.0,Yes,,7.0,2199
755,Raysx Android 4G,Android 4G Calling,40.0,Android & iOS,Yes,Yes,No,No,Other,,Yes,,2.0,640
756,PS COLLECTION New,New T55 Men,45.0,Android & iOS,Yes,Yes,Yes,Yes,TFT LED,,Yes,0.25,10.0,660
758,Fire-Boltt Ninja Calling,Ninja Calling Pro,46.482,Android & iOS,Yes,Yes,No,No,IPS LCD,263.0,Yes,1.0,5.0,1499
759,boAt Wave Genesis,Wave Genesis Pro,49.7,Android & iOS,Yes,Yes,No,No,AMOLED,456.0,Yes,,7.0,2899
760,Fire-Boltt Hunter 2.01,Hunter 2.01 inch,51.053999999999995,Android & iOS,Yes,Yes,No,Yes,IPS TFt,268.0,Yes,1.0,5.0,1599
762,Time Up Women,Women Series-7 Slim,38.0,Android & iOS,Yes,Yes,No,No,HD,352.0,Yes,30.0,6.0,2339
763,Noise Caliber 3,Caliber 3 1.78,45.212,Android & iOS,Yes,Yes,No,No,Other,408.0,Yes,,7.0,2499
764,boAt Storm Plus,Storm Plus with,45.211999999999996,Android & iOS,Yes,Yes,No,No,Other,408.0,Yes,,7.0,1999
766,Noise Colorfit Icon,Colorfit Icon 2,45.72,Android & iOS,Yes,Yes,No,No,Other,263.0,Yes,,7.0,1499
767,BOOMFIRE T800 Ultra,T800 Ultra 4G,,Android & iOS,Yes,Yes,No,No,AMOLED,320.0,Yes,,3.0,789
769,Noise Icon Buzz,"Icon Buzz 1.69""",42.925999999999995,Android & iOS,Yes,Yes,No,No,IPS LCD,260.0,Yes,1.0,7.0,1299
770,Noise Caliber 3,Caliber 3 Plus,49.784,Android & iOS,Yes,Yes,No,No,Other,456.0,Yes,,7.0,2999
771,Bymaya A1104 ULTRA,A1104(ID116) ULTRA MULTI,34.0,Android & iOS,No,Yes,No,No,IPS TFt,240.0,Yes,50.0,5.0,402
772,boAt Lunar Prime,Lunar Prime w/,35.3,Android & iOS,Yes,Yes,No,No,Other,466.0,Yes,,10.0,2499
774,Offtrot UltraT-800 Series,UltraT-800 Series 8,25.0,Android & iOS,Yes,Yes,No,No,IPS TFt,1080.0,Yes,10.0,4.0,699
775,"Fire-Boltt Talk 1.28""Bluetooth","Talk 1.28""Bluetooth Calling",32.512,Android & iOS,Yes,Yes,No,No,HD,240.0,Yes,,0.4166666666666667,1099
776,beatXP Marv Ace,Marv Ace 1.85'',46.99,Android & iOS,Yes,Yes,No,No,Other,262.0,Yes,,7.0,999
778,vivo T2 Pro,T2 Pro 5G,172.2,,No,No,Yes,No,AMOLED,,Yes,,,23999
779,Kechaoda A27  ,A27,16.8,,No,No,No,No,Other,,No,,,988
781,Zwero T55 Smart,T55 Smart Watch,44.0,Android & iOS,Yes,Yes,Yes,No,TFT LED,,Yes,1.5,3.0,639
782,MOTOROLA e22s   ,e22s,165.10000000000002,,No,No,Yes,No,IPS LCD,,Yes,,,7399
783,SSN Global F5,F5 5G SIM,49.0,Android & iOS,Yes,Yes,No,No,Other,320.0,Yes,,2.0,687
785,Gamesir KIDS Watch-1,KIDS Watch-1 Sos,34.0,Android & iOS,Yes,Yes,No,No,IPS TFt,,Yes,0.5,2.0,1300
787,Noise Mettle 1.4'',"Mettle 1.4'' display,",35.56,Android & iOS,Yes,Yes,No,No,Other,240.0,Yes,,7.0,2199
788,beatXP Vega Neo,Vega Neo 1.43'',36.32,Android & iOS,Yes,Yes,No,No,AMOLED,466.0,Yes,,7.0,1799
789,fire turtle Ultra,Ultra Gaming Watch,49.0,Android & iOS,Yes,Yes,No,No,Other,1080.0,Yes,,1.0,989
790,DIZO Watch D,Watch D Sharp,44.449999999999996,Android & iOS,No,Yes,No,No,IPS TFt,355.0,Yes,50.0,14.0,1599
795,ULTRON Trendy latest,Trendy latest Gen9,49.0,Android,Yes,Yes,No,No,AMOLED,320.0,Yes,,10.0,2199
796,BORNFIRE Ultra T800,Ultra T800 Series,69.0,Android & iOS,Yes,Yes,No,No,AMOLED,320.0,Yes,,3.0,789
799,technofill T55 Unisex,T55 Unisex,44.0,Android & iOS,Yes,Yes,No,No,Other,720.0,Yes,,3.0,628
801,Cellecor X3  ,X3,45.7,,No,No,No,No,Other,,No,,,979
802,"Fire-Boltt Sphere 1.6""","Sphere 1.6"" Sporty",40.64,Android & iOS,Yes,Yes,No,No,HD,400.0,Yes,1.0,7.0,2499
803,SAMSUNG Galaxy S23,Galaxy S23 5G,154.9,,No,No,Yes,No,AMOLED,,Yes,,,64999
806,boAt Wave Infinity,Wave Infinity with,46.99,Android & iOS,Yes,Yes,No,No,Other,260.0,Yes,,7.0,1999
807,Medulla MD DZ09-214,MD DZ09-214 phone,,Android & iOS,Yes,Yes,No,No,IPS TFt,240.0,Yes,,2.0,823
808,beatXP Marv Neo,Marv Neo 1.85'',46.0,Android & iOS,Yes,Yes,No,No,HD,260.0,Yes,1.5,7.0,5499
809,KARBONN KX 29  ,KX 29,61.0,,No,No,No,No,Other,,No,,,1404
810,boAt Wave Vivid,Wave Vivid with,50.8,Android & iOS,Yes,Yes,No,No,Other,456.0,Yes,,7.0,2999
811,Urban Wings T800,T800 Ultra,44.0,Android & iOS,Yes,Yes,No,No,AMOLED,460.0,Yes,,0.75,673
813,"LONGWINGS 1.99'' Screen,","1.99'' Screen, BT",49.0,Android & iOS,Yes,Yes,No,No,AMOLED,408.0,Yes,10.0,3.0,799
814,"Fire-Boltt Sphere 1.6""","Sphere 1.6"" Sporty",40.64,Android & iOS,Yes,Yes,No,No,HD,400.0,Yes,1.0,7.0,2499
816,Ambrane Crest Pro,Crest Pro 1.52'',38.608,Android & iOS,Yes,Yes,No,No,Other,360.0,Yes,,7.0,1999
817,boAt Wave Beat,Wave Beat Call,42.925999999999995,Android & iOS,Yes,Yes,No,No,Other,240.0,Yes,,7.0,1299
818,DTJ Bluetooth Smart,Bluetooth Smart Watch,39.0,Android,Yes,Yes,No,No,Other,380.0,Yes,,50.0,411
819,Fire-Boltt Epic Plus,"Epic Plus with1.83""",46.482,Android & iOS,No,Yes,No,No,HD,260.0,Yes,1.0,7.0,1099
821,Fastrack FR1|1.39 inch,FR1|1.39 inch Super,35.306,Android & iOS,Yes,Yes,No,No,IPS LCD,360.0,Yes,1.5,5.0,1999
822,Cellecor X3  ,X3,45.7,,No,No,No,No,Other,,No,,,979
823,Graceful T500 Bluetooth,T500 Bluetooth Calling,44.0,Android & iOS,Yes,Yes,No,Yes,TFT LED,480.0,Yes,,2.0,615
824,Boult Striker Bluetooth,"Striker Bluetooth Calling,",33.019999999999996,Android & iOS,Yes,Yes,No,No,IPS TFt,240.0,Yes,1.0,7.0,1199
825,Fire-Boltt Ninja Pro,Ninja Pro Max,51.053999999999995,Android & iOS,Yes,Yes,No,No,IPS TFt,266.0,Yes,1.0,25.0,1699
827,Cubonic New S8,New S8 ULTRA,49.0,Android & iOS,Yes,Yes,Yes,Yes,HD,320.0,Yes,,2.0,6489
829,boAt Ultima Connect,Ultima Connect with,46.228,Android & iOS,Yes,Yes,No,No,Other,262.0,Yes,,7.0,1299
832,SSN Global F5,F5 5G SIM,49.0,Android & iOS,Yes,Yes,No,No,Other,320.0,Yes,,2.0,703
834,boAt Ultima Prism,Ultima Prism with,49.784,Android & iOS,Yes,Yes,No,No,Other,456.0,Yes,,7.0,2999
835,Fire-Boltt Ninja Pro,Ninja Pro Max,40.64,Android & iOS,No,Yes,No,No,IPS LCD,260.0,Yes,1.0,8.0,1099
837,Boult Cosmic 1.69,Cosmic 1.69 inch,42.925999999999995,Android & iOS,No,Yes,No,No,IPS TFt,260.0,Yes,1.0,10.0,1199
848,Pebble Frost Pro,"Frost Pro 1.96""",49.784,Android & iOS,Yes,Yes,No,No,IPS TFt,,Yes,1.0,0.20833333333333334,1199
850,Ambrane Wise-Eon 1.69Lucid,Wise-Eon 1.69Lucid Display,42.926,Android & iOS,Yes,Yes,No,No,Other,260.0,Yes,,7.0,1499
851,Micromax X809  ,X809,71.10000000000001,,No,No,No,No,Other,,No,,,1252
853,I Kall K100  ,K100,45.7,,No,No,No,No,Other,,No,,,682
855,Fire-Boltt Talk Go,Talk Go 1.3'',33.019999999999996,Android & iOS,Yes,Yes,No,No,IPS TFt,240.0,Yes,1.0,15.0,1399
856,Pebble Cosmos Engage,"Cosmos Engage 1.95""",49.53,Android & iOS,Yes,Yes,No,No,IPS TFt,460.0,Yes,1.0,0.16666666666666666,2499
858,NIKHILX T800 ultra,T800 ultra smart,49.0,Android,Yes,Yes,No,No,Other,1024.0,Yes,,4.0,614
859,SAMSUNG Watch 4,Watch 4 Classic,35.559999999999995,Android,Yes,Yes,No,No,Super AMOLED,315.0,Yes,50.0,40.0,16990
862,Smartbeats T900 Pro,T900 Pro Max,45.0,Android & iOS,Yes,Yes,No,No,HD,263.0,Yes,0.1,3.0,899
865,Noise Loop 1.85'',Loop 1.85'' Display,46.99,Android & iOS,Yes,Yes,No,No,IPS TFt,262.0,Yes,1.5,7.0,1399
866,boAt Wave Genesis,Wave Genesis with,49.784,Android & iOS,Yes,Yes,No,No,Other,266.0,Yes,,7.0,2199
869,REDMI 11 Prime,11 Prime,167.10000000000002,,No,No,Yes,No,IPS LCD,,Yes,,,10249
871,Apple Watch Series,Watch Series 9,41.0,iOS,Yes,Yes,Yes,Yes,OLED Retina,391.0,Yes,50.0,0.75,41900
873,boAt Wave Genesis,Wave Genesis with,49.784,Android & iOS,Yes,Yes,No,No,Other,266.0,Yes,,7.0,2199
877,alt OG Max,OG Max with,45.72,Android & iOS,Yes,Yes,No,No,Other,263.0,Yes,,7.0,1199
879,MDK IDS116 SMART,IDS116 SMART BRACELET,44.0,Android & iOS,Yes,Yes,No,No,Other,400.0,Yes,,50.0,447
880,Pebble Cosmos Quest,"Cosmos Quest 1.43""AMOLED",36.32,Android & iOS,Yes,Yes,No,No,AMOLED,,Yes,1.0,7.0,2799
881,Sekyo S2 kids,S2 kids smart,36.0,Android & iOS,Yes,No,No,Yes,TFT LED,256.0,Yes,0.0,3.0,2389
882,Infinix SMART 8,SMART 8 HD,167.60000000000002,,No,No,Yes,No,IPS,,Yes,,,6299
884,Fire-Boltt Rock 1.3,Rock 1.3 AMOLED,33.019999999999996,Android & iOS,Yes,Yes,No,No,AMOLED,390.0,Yes,1.0,0.2916666666666667,3499
885,TECHMAZE DZ09 Bluetooth,DZ09 Bluetooth 4G,40.0,Android & iOS,Yes,Yes,Yes,Yes,Other,312.0,Yes,5.0,8.0,879
887,Fire-Boltt Grenade 1.39'',Grenade 1.39'' HD,35.306,Android & iOS,Yes,Yes,No,Yes,IPS TFt,360.0,Yes,1.0,9.0,1999
888,PS COLLECTION New,New Smartwatch T55,45.0,Android & iOS,Yes,Yes,Yes,Yes,TFT LED,,Yes,0.25,10.0,799
889,"Pebble Carbon 1.39""HD","Carbon 1.39""HD Display,Black",35.3,Android & iOS,Yes,Yes,No,No,HD,,Yes,1000.0,7.0,1299
890,boAt Lunar Mirage,Lunar Mirage with,38.6,Android & iOS,Yes,Yes,No,No,Other,383.0,Yes,,7.0,1899
892,Tecno Spark Go,Spark Go 2023,166.6,,No,No,Yes,No,IPS LCD,,Yes,,,6249
893,Noise Caliber 3,Caliber 3 Plus,49.784,Android & iOS,Yes,Yes,No,No,Other,456.0,Yes,,7.0,3299
895,"Fire-Boltt Hurricane 1.3""","Hurricane 1.3"" Curved",1.3,Android & iOS,No,Yes,No,No,HD,240.0,Yes,1.0,15.0,1299
897,"Pebble Vogue 1.96""","Vogue 1.96"" Amoled",49.784,Android & iOS,Yes,Yes,No,No,AMOLED,456.0,Yes,1.0,5.0,2099
898,Fastrack Optimus with,Optimus with 1.43'',36.32,Android & iOS,Yes,Yes,No,No,AMOLED,466.0,Yes,1.5,7.0,3499
899,Bymaya H2877_Y68 ULTRA,H2877_Y68 ULTRA HEART,33.03,Android & iOS,Yes,Yes,No,No,IPS TFt,320.0,Yes,50.0,1.0,455
900,PunnkFunnk S9 Model,S9 Model with,49.0,Android & iOS,Yes,Yes,No,No,AMOLED,,Yes,0.5,3.0,2000
902,boAt Lunar Seek,Lunar Seek with,35.3,Android & iOS,Yes,Yes,No,No,Other,383.0,Yes,,7.0,1499
905,Boult Drift+ Bluetooth,"Drift+ Bluetooth Calling,",46.99,Android & iOS,Yes,Yes,No,No,IPS TFt,260.0,Yes,1.5,7.0,1099
906,FRONY BHL123_NC77-D20 ULTRA,BHL123_NC77-D20 ULTRA WITH,26.0,Android & iOS,No,Yes,No,No,Other,312.0,Yes,,24.0,499
907,MOTOROLA g22   ,g22,165.10000000000002,,No,No,Yes,No,IPS LCD,,Yes,,,10999
908,"itel it2163s 4.5cm,1200mAh,BT","it2163s 4.5cm,1200mAh,BT Caller,12+1",45.7,,No,No,No,No,Other,,No,,,949
910,Fire-Boltt King Luxury,King Luxury Stainless,45.211999999999996,Android & iOS,Yes,Yes,No,No,AMOLED,408.0,Yes,1.0,7.0,2999
911,KARBONN KU3+  ,KU3+,61.0,,No,No,No,No,Other,,No,,,999
912,REDMI Note 12,Note 12 5G,169.4,,No,No,Yes,No,Super AMOLED,,Yes,,,18999
915,Zeorgia T800 Ultra,T800 Ultra 1.99,50.546,Android & iOS,Yes,Yes,No,No,IPS LCD,353.0,Yes,,3.0,659
916,Fire-Boltt Talk Ultra,Talk Ultra 1.39,35.306,Android & iOS,Yes,Yes,No,No,IPS LCD,240.0,Yes,1.0,7.0,1599
918,Like Star T800,T800 Ultra Series,49.0,Android,Yes,Yes,Yes,Yes,Other,550.0,Yes,,1.5,639
919,Gamesir T800 BT,T800 BT watch,49.0,Android & iOS,Yes,Yes,No,No,AMOLED,,Yes,0.5,3.0,800
920,Fire-Boltt Blizzard Ultra,Blizzard Ultra 1.28'',32.512,Android & iOS,Yes,Yes,No,No,IPS TFt,240.0,Yes,,0.8333333333333334,3999
921,Mui Ultra Seris,Ultra Seris 8,49.0,Android & iOS,Yes,Yes,No,No,HD,320.0,Yes,,1.0,650
923,Correngo A1 Smart,A1 Smart Watch,40.0,Android & iOS,Yes,Yes,No,No,Other,320.0,Yes,,5.0,1499
924,"Fire-Boltt Blizzard 1.28""","Blizzard 1.28"" Luxury",32.512,Android & iOS,Yes,Yes,No,No,IPS TFt,240.0,Yes,1.0,7.0,2999
